Underyling,payoutChange,divGrowth,payoutAvg,debtEquityAvg,netMarginAvg
GSB,0.687735726,0.126338303,0.505223181,0.698970083,0.099254437
ISR,0.073602563,0.011537497,-0.002369471,0.122606712,-1.027093007
AAON,0.05244834,0.124959326,0.249161849,0.266136003,0.133666999
JMP,-43.35649138,0.242131026,-15.52776633,9.088466198,-0.038712606
ACGL,0.459870753,0.306578624,0.051887815,2.890535999,0.133948678
ACTG,-0.580902839,0.01577539,-0.158926741,0.086953809,-0.431617151
ADI,0.070542371,0.099816357,0.709384483,0.671639969,0.19903512
ADP,0.013726299,0.046921129,0.62088014,8.937853307,0.129854428
ADTN,0.392462248,-0.044755649,0.739021357,0.351128708,0.040714804
HP,-2.698252219,0.050792721,-2.318325225,0.501390599,0.008981837
AGNC,-1.293914151,-0.144846715,2.738926425,6.976777332,0.793293206
ALGT,0.273238499,0.424430241,0.166966683,2.796336652,0.155242226
AMAT,-0.334484651,-0.038567836,0.245625113,1.035578664,0.17925666
AMGN,1.155401988,0.222700823,0.811296604,1.770064059,0.247604399
AMRB,0.217646943,0,0.283888149,6.888550583,0.222070477
AMSF,0.030815294,0.239795484,0.169722498,2.402368304,0.164986594
AMTD,0.092089786,0.12998385,0.421848593,4.471610687,0.250936451
ANCX,0.167274658,0.22912755,0.45273082,8.828361348,0.203223423
BAK,-10.99824143,0.881359098,-1.483479185,20.80158501,0.046094212
ARCB,0.650623544,0.292290486,0.245583539,1.127195703,0.014952461
ARII,-0.019323761,-0.036491141,0.296856338,1.570237731,0.187304075
ASML,0.111032095,0.25398328,0.235089621,0.625234728,0.244170718
ASTE,0.036872722,0.002141133,0.230501714,0.29062522,0.03777738
ATNI,0.663693199,0.035644233,1.156284304,0.463022627,0.046528387
ATVI,1.096717138,0.154279451,0.404605441,0.927205671,0.125448033
LM,-4.478453244,0.131737513,-0.871406567,0.858312977,0.053363682
AY,2.786570832,1.949691925,-2.953327454,4.662758489,-0.125832287
BBBY,0.570415536,0.151436141,0.112540881,1.494020035,0.053336525
STC,-13.00887287,2.424256967,-0.60764592,1.083298518,0.016459187
BCBP,0.025018937,0.118051732,0.783590708,12.40778642,0.133464712
BFIN,2.892373241,0.485876752,0.501822931,6.752713065,0.150840237
BGCP,0.770575223,0.240452011,1.877317217,4.607895387,0.04673291
BHF,1.810045576,0,-1.253864897,13.61268488,-0.304988487
BKEP,0.217512547,0.100122053,0.243013268,0.681636154,0.035903757
BLCM,0,0,0,0.341157552,-282.2383055
BLFS,0.370051393,0,-0.027637413,0.667255961,-0.572448416
BPOP,4.08767306,2.350305368,0.405487227,6.77210632,0.24127756
NOK,-2.220658875,0.351611281,-0.548416175,1.239401585,0.033130747
AIG,-0.460922305,0.21089266,-0.446843803,5.565398838,-0.033883353
CAAS,0.925557607,0.579365079,0.016683537,1.154051067,0.023901608
CALM,0.261672254,1.47274586,0.382678197,0.213502551,0.060082427
VEON,-14.45404429,2.450319403,-0.37979693,4.694209925,0.047615482
GSM,-1.074166752,0.547752108,-0.329449401,1.241110446,-0.082661955
CBTX,-0.07022276,-0.008317823,0.169153819,6.843297252,0.232317268
CCNE,0.011106967,0.020011357,0.438821455,10.60736455,0.230593377
CGNX,0.122510798,0.182527288,0.143001237,0.109971554,0.313104476
CHFN,-0.247831523,-0.028930373,0.35093422,5.583158235,0.174632228
CHMG,0.06041309,0.008340276,0.553537776,10.57680327,0.128457397
CIZN,0.337526971,0.026781987,0.854081628,10.51487938,0.169705765
CLRO,0.5409958,0.354955237,0.264862066,0.156836667,-0.057173621
CY,-0.738779003,0.476582706,-0.271948932,0.822786436,-0.210903907
ABC,-0.370126475,0.143417004,-0.252358792,25.08985665,0.003695851
RGLD,-1.8124381,0.045822874,-0.24105349,0.316321268,-0.077752823
CRESY,3.903714274,2.987488719,0.282065826,12.30632684,0.164967231
CSCO,31.28909215,0.135213901,18.42346111,1.131328045,0.140153525
BRFS,-10.1171361,0.155963903,-0.240736389,2.51728814,0.01732
CTAS,0.064998047,0.20344358,0.223635244,1.501056005,0.12166943
TER,-2.405893382,0.151401505,-0.21964435,0.46628166,0.073925038
CTRN,0.318775556,0.386531083,0.223211709,0.510160701,0.020393616
CTSH,-0.011872835,0,0.170003875,0.387937917,0.115833298
CVBF,0.106073164,0.105586096,0.516060029,7.063519507,0.334593803
CWCO,0.129868752,0.004294318,0.81334732,0.073822275,0.099559949
GLW,-2.67949483,0.036042952,-0.209401364,0.699526873,0.163779614
CZNC,0.077783634,-0.007253836,0.739104395,5.66013749,0.267501574
DAKT,3.104762458,-0.089171015,3.967188108,0.782874696,0.010119029
DGICA,0.985384431,0.030492394,1.076292188,2.77982085,0.029117905
DMRC,0,0,0,0.080777329,-0.941605838
EBSB,0.641764598,1.150160459,0.139169062,6.165235829,0.250992338
EFSC,0.127995532,0.356188221,0.172528244,9.156925114,0.272787069
EMCI,0.074106341,0.126636872,0.363930835,1.860885664,0.070639126
EQBK,-0.770313271,-0.76996117,0.010201404,8.124914493,0.18673503
ERIC,2.195433568,-0.161982609,2.581284672,1.189264325,-0.037436649
ERIE,0.020008485,0.069966632,0.704195917,0.8893328,0.121409118
ESCA,0.024073896,0.077759639,0.513217492,0.456648145,0.074153846
ESSA,0.171696784,0.115087738,0.4563206,8.733585929,0.162799591
ETFC,-0.174062123,0,0.05976335,7.714524511,0.218993762
C,-1.230759058,0.821645319,-0.110836277,7.99968337,0.126487097
EXPE,0.764329225,0.278519335,0.37992935,2.403069723,0.061422963
FANH,-0.180903202,0,0.610772068,0.207417865,0.077924388
FCBC,0.114739294,0.046786995,0.456040593,6.008969534,0.214412354
AGN,-6.316068838,1.237845582,-0.074513543,0.736653734,0.359138123
FFIN,0.019658969,0.123223457,0.407169258,7.089721473,0.359622386
FGBI,0.058647241,0.056308161,0.369399122,11.19165967,0.246670274
FHB,0.696228415,0.787410156,1.355086309,6.708153734,0.303149149
MOV,-0.881283681,0.059275258,-0.07163346,0.327129136,0.037473714
SMHI,-9.137933502,3.6125,-0.067708907,0.856287092,-0.291851638
HL,-2.510779593,0.033778928,-0.059441805,0.618650218,-0.043035392
DXC,-1.560238455,0.264423077,-0.040143975,2.58237848,0.030153116
FRBA,0.008082929,0,0.205115667,10.14408705,0.193156447
FRME,0.233395502,0.438436891,0.281523941,6.712243315,0.273903586
PXD,-2.197826516,0.053418803,-0.016843539,0.633047231,-0.031986433
RNR,-1.014469945,0.027947482,-0.002503707,1.711983315,0.155520626
FTEO,-1.01838557,0.003667631,-0.189460794,2.179217291,-0.061540918
FULT,0.050018147,0.080226554,0.444798968,7.896860826,0.226376609
RACE,-0.1139332,0.126881844,0.247996601,-46.62921651,0.128648644
GBNK,0.066607644,0.532173392,0.388365787,8.791734289,0.243823655
GGAL,0.410255027,0.897003066,0.025596361,9.516314721,0.240350546
GILD,0.212663814,0.155016009,0.142664276,2.059531352,0.392108284
GNTX,-4.076%,7.515%,28.767%,20.132%,21.333%
GOGL,0,0,0,0.900948455,-0.553763439
GOLD,0.248853991,0.348903236,0.251115837,0.080470691,0.202936693
GRFS,0.012732378,0.135320938,0.38079216,1.879790157,0.141135401
MPX,-0.047945658,0.295066233,0.442534467,0.319114,0.070225421
MKSI,-0.172956079,0.03098294,0.251204608,0.465888722,0.136081423
HBAN,0.059871185,0.294048981,0.36765551,9.879837151,0.247546202
HBCP,0.929682608,1.359550286,0.200280548,7.692498438,0.218416653
HBMD,3.700526411,0.158730159,0.070817893,9.764715126,0.090290416
NTES,-2.799%,25.139%,24.720%,48.050%,26.574%
HIMX,1.175612966,0.132623581,1.317891008,0.755870106,0.046882215
HNRG,-0.165440979,0.006529442,0.256547755,1.380309643,0.075825533
HOLI,-0.025943816,-0.13177453,0.114114169,0.458743171,0.191808553
HOPE,0.161325244,0.355044875,0.40696506,6.682220564,0.280586934
HQY,0,0,0,0.070679961,0.161750703
HTHT,-0.367690611,0,0.443332634,1.262891946,0.11669697
CBOE,-3.762%,22.316%,35.743%,54.389%,25.157%
HWC,0.077879719,-0.024015266,0.549285211,8.250933298,0.190511098
IAC,3.038291824,0.162916846,0.947468863,1.402410093,0.038676508
IBCP,0.246639469,0.297816956,0.350556008,9.120151664,0.171802332
IBKC,0.170481563,0.239115595,0.427604057,6.826463538,0.184500531
BSET,-0.014992923,0.149108207,0.229299435,0.555714417,0.041466283
APOG,-0.033999652,0.107456144,0.192988507,0.761736117,0.067835513
IDRA,0,0,0,0.099731437,-90.174277
IMOS,0.944555395,0.380375,0.703552529,0.777108588,0.109906551
MORN,-0.067272682,0.088828809,0.258874131,0.76404766,0.173288432
INDB,0.018221097,0.150687552,0.395261625,7.941387462,0.245046825
INTC,0.120752856,0.048060236,0.468213748,0.719296556,0.177663326
MDC,-0.209889736,0.020902963,0.52809386,0.938058397,0.044615095
INVA,3.629247333,-0.387951193,-1.545650366,-2.259684631,0.238516433
JCOM,0.085565056,0.12018392,0.466338742,1.221012837,0.161495844
JCS,-0.66997879,-0.284212072,-0.425476115,0.195927057,-0.104974714
JJSF,0.108207713,0.140809968,0.379280755,0.247667222,0.073813687
JRVR,-0.374697931,-0.150707618,0.34597656,2.457113262,0.095423077
KNSL,0.31958894,0.467652202,0.125550108,2.510943868,0.198149805
JNPR,-0.335526128,0.259786383,0.331708676,0.9761615,0.103377943
LECO,0.288502445,0.083303909,0.498644058,1.408558914,0.077267314
LFUS,0.092406684,0.14481079,0.27783684,0.715832224,0.096651212
LMNR,0.136229165,0.105859551,0.480373053,1.281108203,0.065682653
LMNX,0.399023971,0,0.352901625,0.10965646,0.100695024
FMX,-0.120624593,0.208953456,0.368150821,1.050781969,0.067255421
LPLA,-0.103694934,-0.018273235,0.469910188,4.919980451,0.047556179
LSTR,-0.171470909,-0.106264777,0.094321888,1.0738087,0.045441207
MBIN,0.018426854,0.375748238,0.160671581,13.29532291,0.437419601
MBTF,0.194692623,0.189873252,0.31982074,8.62856246,0.219558341
MCBC,0.158779403,0.324678073,0.305624868,10.01306508,0.220602445
MCHP,0.326651586,0.056560032,1.378598834,1.480827464,0.087195656
MELI,3.049758671,-0.003213373,0.766706263,2.760343961,0.111218977
MFSF,0.24334172,0.295725107,0.335951973,9.817362116,0.20167245
MHLD,0.24139506,0.129569177,0.532196501,5.582854886,0.002715218
INGR,-0.029586272,0.099086795,0.307357853,1.228797884,0.081845781
MKTX,0.011677106,0.269004034,0.314250833,0.127023274,0.343503172
MLHR,0.011312962,0.084376669,0.301431128,1.22154294,0.056179104
ATR,-0.006167539,0.040425165,0.364535197,1.244049864,0.087779706
BRO,-0.110987683,0.094161913,0.243601895,1.261028124,0.169362627
MPWR,0.3865399,0.566637434,0.666698612,0.202010875,0.126566766
WBA,-0.088532904,0.107765938,0.366997472,1.335888901,0.036950589
MRVL,-13.89801567,-0.009670309,1.953149331,0.20184922,-0.028799491
MSFT,0.059155897,0.087357079,0.588969221,1.890092305,0.213138848
MTCH,0.227449058,0,8.493724197,4.059531381,0.182936772
MTGE,-2.991753631,-0.236069277,-0.521263654,4.792283931,0.170173687
NAVG,0.867970265,0.229262087,0.086597557,3.176511722,0.058933116
NCBS,0.302325296,0.927350758,0.026418785,8.580280029,0.21697196
NCMI,2.516877181,0.043558015,10.26159639,-3.517832852,0.025583842
NDAQ,2.39504428,0.431345021,1.099991346,1.467343997,0.113346991
NGHC,1.193015618,1.364246017,0.263096205,3.673960082,0.043131239
NICE,-0.061104649,-0.248720064,0.180576101,0.558202941,0.16731595
NKSH,0.075578412,0.012086259,0.539570526,5.903900655,0.323973729
NRIM,0.18893409,0.079161413,0.371365066,7.176193273,0.157783293
NTAP,2.268369061,0.00964591,1.380488147,2.890408431,0.048791753
AVGO,-2.157419765,0.833393632,0.288113236,1.419040777,0.054826159
AAPL,-0.327%,4.700%,24.885%,158.027%,21.708%
NVEC,0.382317527,0.312974533,1.48845455,0.013093481,0.455497613
OLED,0.206515992,0,0.185683644,0.189814506,0.209349742
OTEX,1.127786805,0.18504093,0.355880874,1.270422483,0.2298878
PAAS,-0.140763497,-0.084559063,0.006189816,0.329945978,-0.019543544
PAHC,0.011767451,0.010121576,0.227513734,3.824554219,0.091250294
UNP,-4.014%,9.757%,37.337%,158.616%,31.179%
HNI,-0.042368719,0.037930836,0.519325684,1.670556647,0.041953066
PDCO,0.120233017,0.067007177,0.512939761,1.444212527,0.03402451
PDLI,-0.374626481,-0.599934312,0.186039006,0.512124518,0.599260491
PEGA,0.132063742,0.115518562,0.29158782,0.946005879,0.04278414
PEP,0.191263468,0.062452592,0.776541152,5.515370573,0.087900925
PINC,0.426303753,-0.047588351,1.801681554,-2.359907983,0.044604207
PROV,0.759796265,0.014170068,1.104052457,8.299936022,0.07280724
PTVCB,0.25266349,0.029548508,0.693347894,1.948928556,0.074388841
PUB,0.840039183,1.165863979,0.260995631,6.656709715,0.247103644
QCOM,0.719570986,0.079836319,0.796407448,0.798238561,0.187111166
LUV,-0.110917299,0.254177199,0.086672159,1.687531853,0.128540899
QIWI,3.826776533,1.440897539,0.898400947,0.991058081,0.193384384
UGP,-0.014649903,0.062949902,0.569875137,1.80587151,0.019912458
RBNC,0.532453104,0.682017497,0.29145716,7.538706239,0.181887915
RELL,-1.028482464,-0.02183408,-0.031693746,0.202369474,-0.024947253
CSX,-15.592%,4.102%,29.157%,181.361%,26.702%
RICK,0.294946916,0.119102862,0.10401924,1.175297783,0.069402556
INTU,-0.179126042,0.128904103,0.341483288,1.954909616,0.199725377
RYAAY,-0.444102367,0,0.25521134,1.865304286,0.213096563
SBBX,0.158652392,0.461322471,0.183055302,11.40532618,0.160149953
BR,-0.025574063,0.106888916,0.434210959,1.968492673,0.094618799
SBUX,0.111147477,0.228538589,0.419209527,1.399896539,0.134979674
CMCSA,-0.154589502,0.085634897,0.241535254,2.033887586,0.162140182
SIGI,0.033970166,0.09227234,0.206545019,3.743106833,0.071845941
SILC,-0.076613436,0.009155397,0.445625215,0.200662365,0.167780171
SIMO,0.144257497,0.177400273,0.326524744,0.355488393,0.169816616
MAXR,-0.123831382,0.021419621,0.411458302,2.177957698,0.065604319
UVE,-0.002580971,0.120466861,0.179806058,2.184163247,0.160703698
SSW,-1.462591654,0.102646091,0.020717833,2.224706555,0.098622092
STX,1.927921754,0.053553846,1.42411625,4.867351388,0.066527619
SWKS,0.355456978,0.891303497,0.189535105,0.130304003,0.274747641
SYMC,-4.615256207,-0.142644292,-0.471602781,2.843416717,0.30150726
TECH,0.006177766,0.006127729,0.485984313,0.467337132,0.180232038
TGLS,3.282411918,0.77822762,0.139401179,4.285330891,0.01594403
TXN,0.075328026,0.169866102,0.504292265,0.635795981,0.248228139
UFCS,0.379009452,0.117965765,0.367885198,3.343081491,0.059492961
IVZ,0.006101822,0.036413978,0.475601619,2.338989467,0.195951805
UVSP,0.0268638,0.180088479,0.635445613,6.962153298,0.17988821
ENLC,-1.601514533,0.2060105,0.00422778,2.349282549,-0.050265105
VIRT,8.553464701,-0.00200883,9.970978432,16.92922196,0.02899179
VRTS,2.039728756,0.409805001,0.37054482,0.99466978,0.109745844
VRTU,3.727254072,0,0.942373412,0.92795004,0.02988993
SKYW,-1.511843436,0.06425639,0.006413269,2.362806198,0.040048165
WDC,1.818315108,0.147295728,1.413905906,1.699698454,0.024036447
WETF,1.370923223,1.027065752,1.27652896,0.2700491,0.168462336
WSBC,0.102724789,0.229249821,0.422532832,6.294140117,0.262621486
WSBF,0.832637222,1.082716134,0.554387315,3.413649522,0.138393439
PBF,-0.636206718,0.141984729,0.577587169,2.386691762,0.013652141
WYNN,-0.057297623,-0.277596937,1.443008859,-2.306254146,0.073523978
XLNX,0.146139479,0.048692173,0.600767659,0.973614442,0.23853411
ZION,0.017957443,0.105974356,0.265899051,8.026512455,0.195294654
ABB,0.024567169,-0.019345643,0.767271046,1.864533949,0.058371059
AVH,-1.208826031,1.097856356,0.142447677,3.702093177,-0.006752938
GCAP,-1.10293286,0.112240148,0.072654413,3.837030899,0.024687466
ABT,1.483643565,0.114406124,1.767281713,1.318719467,0.100437445
ACN,0.048334205,0.083327812,0.395621662,1.659342363,0.107417906
ADM,0.216238619,0.054236489,0.459105627,1.245132327,0.024682296
AEP,0.576968269,0.058587974,0.986584467,2.543961136,0.09523638
AES,0.865368328,0.353498251,0.124094378,10.64338052,-0.057270821
AET,0.322673182,0.251308911,0.202260016,2.567841561,0.035698408
AFL,-0.09857434,0.003555385,0.216671235,5.198230446,0.149900258
ICE,-0.127412949,0.168829046,0.24559146,4.032543872,0.413611256
AGO,0.116370368,-0.026601831,0.08079744,1.228315578,0.526697964
AGR,0.399392664,0.111388196,1.169185872,1.066811681,0.077142201
AHL,-0.314863514,0.016659057,0.131625746,3.253533319,0.02972339
BBU,-0.569792068,0.084778281,0.473889257,4.045703466,0.00807991
AIZ,0.803016773,0.165143862,0.371963193,6.114217679,0.056699397
ALK,0.105295451,0.307189542,0.143497549,1.997860204,0.139689756
ALL,0.061122374,0.043949713,0.265879243,4.541914704,0.065016286
AMG,-0.128347935,0,0.082737141,1.022898302,0.239880552
AMX,0.633201477,-0.006808164,0.880901922,7.460398791,0.025598349
ANTM,0.037740785,0.146070125,0.23895461,1.644251251,0.034706133
AON,0.151489221,0.102111367,0.259082719,3.99948161,0.139030052
APD,0.074294953,0.078774619,0.645177199,1.240607088,0.204628761
ARCH,0.755149897,3.492856021,0.037645777,-0.40571236,-0.127092121
ARCO,-0.470624407,-0.75,-0.242267542,3.274654686,0.016302508
ARGO,0.351853378,0.209529457,0.160207782,3.269066663,0.07702009
XL,-0.229963841,0.107396212,0.090209929,4.430290144,0.03914869
AUO,1.805323642,0.877819493,0.376327889,1.313023019,0.058441011
AUY,0.601911401,-0.477156503,-0.071420866,0.965810176,-0.503037028
MRLN,-0.005610633,0.048041208,0.365850431,4.478596101,0.237707998
AVP,-0.659512802,0.006653992,-0.092175124,-4.845898347,-0.067154748
AVX,9.032207459,0.040453496,5.563350207,0.138661149,0.061298606
AXP,0.438383405,0.064052679,0.302474839,7.495460966,0.146179663
AXS,0.313960707,0.045772226,0.291447495,3.257493173,0.071394382
AZN,-0.196980498,-7.34E-05,1.141436927,2.818880058,0.133346074
AZUL,3.285146406,0,-0.584576133,-3.654898657,-0.040929865
BA,0.04982603,0.174657541,0.48698326,127.3024065,0.064460867
BABA,0,0,0,0.653971941,0.412857064
CNP,-1.778936808,0.041551935,0.222370164,4.770063406,0.050029945
BMA,-0.180659341,0.14458455,0.141312596,5.26683526,0.327948287
BANC,0.322592246,0.509126695,0.528170941,14.36363209,0.245996913
BAP,0.107989788,0.32246409,0.20000528,7.450323445,0.322028654
BAX,2.446746715,-0.233023714,0.477797011,1.040082945,0.217846301
BBD,0.198785724,0.17889229,0.360442028,9.662534854,0.263910432
LOB,-0.274505963,0.127147625,0.122918419,5.489040257,0.295847739
BC,0.414771142,0.133044709,0.271580638,1.33529723,0.054254612
BCH,-0.013378947,-0.023711373,0.6383517,9.970164589,0.398124058
BEP,8.799796834,0.124950063,13.50238095,3.53126231,-0.009533727
BG,1.311101509,0.083424331,0.801964689,1.856678443,0.013050846
BIP,10.29063713,0.19389901,15.94887838,2.831827705,0.076322878
CIT,-1.55830133,0.066850881,0.069636293,5.523692838,0.129832783
BKE,0.289541314,0.043056884,0.448700568,0.370078669,0.110082672
RBB,-0.046938973,0.274694138,0.1914624,5.771452132,0.322336229
UNM,-0.17059186,0.071484355,0.198030647,5.860932407,0.084400839
BMY,1.053967523,0.024327558,1.571098208,1.378683062,0.124132396
BNS,0.010329391,0.051621638,0.488492955,15.75170361,0.311997761
BOH,-0.042389027,0.009685118,0.467445103,12.97218985,0.290331943
CBU,-0.056716079,0.105352603,0.494584456,6.100967238,0.264429468
SFNC,-0.022010918,0.350483251,0.347285485,6.239185894,0.213959195
F,-0.195048847,0.073647553,0.385001407,6.796080343,0.042688281
FFG,-0.065569622,0.082791532,0.322737345,6.799741551,0.189629392
BSAC,0.124585734,0.082333689,0.676983899,11.24101214,0.365887917
BSBR,0.188568658,0.460887967,0.493077408,6.534029673,0.327233273
BSIG,9.542378299,-0.258744298,3.263852815,9.825697956,0.139201016
BTU,-0.994341257,-0.984832069,-0.000712359,27.25609107,-0.141544342
BWXT,-0.217100497,0.000693639,0.250261886,6.216892133,0.099509986
IBTX,-0.052704164,0.284330742,0.133727292,6.847770818,0.257775911
CAJ,0.125444696,0.043448443,0.851347665,0.640578403,0.053843231
CATO,1.551307041,-0.000623501,1.734170677,0.572428517,0.041837211
CB,0.044523192,0.158626126,0.308870667,2.361764026,0.133383509
CTBI,-0.020538851,0.037637499,0.458117509,6.952446766,0.28207396
CCU,0.020723527,0.048093002,0.572202135,0.635621605,0.077642487
CFG,0.128848594,0.350021547,0.236834736,6.454166302,0.235671882
HFWA,-0.062008568,0.281669282,0.353113662,6.984670525,0.238601017
CIB,0.150674991,0.170219269,0.345231428,8.295771104,0.260402259
CIG,1.476773216,-0.212567876,0.959822214,2.115102745,0.058931452
MTB,-0.030543962,0.064514394,0.398953361,6.986994469,0.251413118
CL,0.149034293,0.026291273,0.746186092,-99.03304729,0.125976952
CM,-0.156738197,-0.042417639,0.401175673,20.40630969,0.294373086
CMI,0.3237957,0.112880906,0.543746809,1.167432096,0.067242469
CNA,0.74507988,0.456036146,0.990631979,3.63897942,0.079520447
FMAO,-0.061443352,0.032033371,0.367064774,7.298915639,0.265469888
COP,0.069995588,-0.192363665,-0.90012958,1.46460654,-0.10912976
CPA,-1.220205708,-0.104047706,-0.036672697,1.147484802,0.065713869
CULP,0.05506309,0.165680929,0.184474678,0.35914947,0.063590286
CVI,1.550526751,-0.111068348,2.931185188,2.247510528,0.025175542
CVX,-2.700583523,0.008509286,-4.511418955,0.73625175,0.034913368
DAL,0.143808762,0.428085165,0.133358917,3.300104602,0.102747138
DAN,1.618863941,-0.043018018,0.200902406,4.106335048,0.05049581
DB,0.632397525,0.380671747,-0.465782437,22.52298855,-0.095941753
DBD,-1.091524058,-0.220824214,-0.354356566,6.843634857,-0.010019721
DCI,0.081454565,0.012683223,0.466710119,1.317101826,0.083342001
DE,0.196049884,-0.008427002,0.4247326,7.117361495,0.066358744
DLB,0.124534302,0.119624889,0.256424635,0.17538447,0.184891978
DLX,-0.043104142,0.003148599,0.260579656,1.376028395,0.121490067
DS,-0.999485779,-0.462268305,0.62696031,5.963040741,0.062501861
DSW,0.33617654,-0.014631984,0.661108727,0.508046587,0.040628258
DWDP,1.189806996,0.195555253,1.062665807,1.62159858,0.090193236
FMBI,-0.014286434,0.138973445,0.322810183,7.375285206,0.18351587
EARN,174.9586142,-0.02716557,214.3887555,9.208829877,0.372116833
EC,-1.069959837,-0.35510015,-0.11664677,1.748651394,0.013784729
ECA,-0.978046615,-0.264783793,-0.004843484,1.397657585,-0.478475012
EIG,0.201056816,0.253332194,0.094673308,3.492534264,0.129651988
EL,0.157494953,0.160321463,0.42042109,1.629463023,0.095204837
ELP,0.058397422,0.010661434,0.392993518,1.07171435,0.072103141
ENIA,0.026577911,-0.515883744,1.025548688,1.325890028,0.090378437
ENIC,0.013216166,0.209999966,0.577064402,0.719675867,0.13198556
BBSI,-0.646799839,0.103752558,0.291615395,7.37955206,0.028040753
CNOB,-0.111671462,0.113965561,0.245097018,7.653942612,0.321362074
EOCC,0.068359436,0.110573281,0.623593032,1.063394524,0.26831909
LCNB,-0.062933165,0.026200719,0.489789867,7.967881221,0.247233958
EQM,0.083227751,0.396756733,0.611022181,0.572973711,0.527162665
EQNR,-0.905026985,-0.342666228,-0.28780479,1.830149119,-0.026115122
ERJ,0.372048051,0.024894727,0.380911018,2.001325783,0.027245819
ETN,0.020654407,0.057567298,0.528992901,0.988170089,0.112839798
EVR,0.265922277,0.134753292,0.668760775,1.548858703,0.062149233
GABC,-0.007670451,0.120029782,0.297649952,7.993865516,0.294874179
FBC,-0.756366126,0,0.639296025,10.08781625,0.164247993
FBR,-0.183566055,-0.189535485,2.275265941,1.484094073,0.099502451
FCX,-1.228618559,-0.759647614,-0.013463147,4.07041539,-0.335672011
AFSI,-0.466545029,0.423128321,0.030562922,8.045961444,0.038099512
FHN,0.680752532,0.172344147,0.509197234,10.14672077,0.12573985
FLR,0.360166653,-0.021870584,0.446462189,1.72087237,0.015786289
FMS,-0.085679149,-0.019470442,0.236120197,1.353607676,0.066595549
FSBW,-0.124679406,0.238002988,0.09712568,8.085930837,0.205710215
FNF,0.020108755,0.111095798,0.381906767,1.13542868,0.089783791
FNV,0.807065704,0.119244341,1.812591312,0.065793225,0.181879802
BAC,-0.028722578,0.360809803,0.257534279,8.091435753,0.213003526
FRO,1.13906462,0.852948327,0.4875124,1.203570874,0.028798513
FSB,-0.672461961,-0.385,0.003519333,10.85900909,0.269058787
FTI,4.473226711,-0.282950075,2.557509488,1.939260798,0.017177296
G,-0.095049159,0,0.181741859,1.266723056,0.09949448
FSFG,-0.131154912,0.042811663,0.150943123,8.4193425,0.265337024
GG,-3.058566547,-0.446821953,0.201327954,0.599701153,-0.237262848
GGG,2.283047663,0.06660343,0.775029624,1.087676091,0.156827169
RVSB,-0.069539111,0.205398423,0.216751048,8.516777653,0.173951531
GLOP,0.212623496,0.681571436,0.780849458,1.542078344,0.342262484
FFBC,-0.090017028,0.061281229,0.481228335,8.792798319,0.262600019
GM,-1.3174805,-0.10048599,-0.031297003,4.317041347,0.036007345
GS,0.411807888,0.069307211,0.306561975,10.76940567,0.185066051
GSK,2.393449412,0.00543839,2.421692188,-240.3203141,0.145166406
GVA,-0.227234669,0.006000974,0.332462654,0.915720755,0.023779308
HBM,1.970850138,-0.010655102,-0.02991336,1.400623323,-0.094981088
HFC,-1.95784931,-0.221443839,-0.090807681,0.755551765,0.029233483
BK,-0.114781414,0.039438897,0.263821544,9.027687249,0.235137716
EWBC,-0.051984549,0.058824519,0.284469715,9.059308319,0.377714121
HMN,0.185701677,0.0628859,0.491929449,7.063081859,0.101774116
SMBC,-0.027054139,0.126293468,0.187928976,9.136516122,0.273178543
HON,0.777183773,0.119691837,0.680190289,1.962698525,0.095591418
UMBF,-0.128415738,0.078654208,0.304918218,9.200838801,0.199089704
HPQ,0.148028464,-0.071966238,0.32405107,-5.425281144,0.062919622
HTH,1.364800392,1.085986132,0.077039979,5.875984454,0.103043599
HUBB,0.210836004,0.091539301,0.540636586,1.104500124,0.077213767
HUM,0.116413581,0.090669207,0.170979712,1.507830055,0.026774917
HVT,0.040012004,0.16689602,0.387468464,0.580876579,0.031572976
IBM,0.466916623,0.089685921,0.590351454,6.094585639,0.127536205
CFR,-0.047484325,0.040411225,0.463312633,9.295860127,0.290270132
ICL,-1.507084632,-0.021460382,0.001652976,2.085788623,0.046202355
INFY,0.057791422,0.131348597,0.487776295,0.219712278,0.217625675
WTFC,-0.006832865,0.180119473,0.178147674,9.309138632,0.204341319
SBSI,-0.207115275,0.217354186,0.547972129,9.325414748,0.288938837
ITT,0.396815799,0.037196782,0.253772044,1.524044625,0.087601631
ITUB,0.152340894,0.185661321,0.34547898,9.946313516,0.28757161
FMBH,-0.136863486,0.04094995,0.280482853,9.418383737,0.22685936
JE,-2.696505239,0.016972264,0.499328975,2.336502497,0.091661129
JHG,0.720439385,0.118510038,0.857032566,0.526293433,0.243482226
CBSH,-0.020504806,0.044671943,0.340056174,9.490496261,0.253743829
JNJ,4.098508146,0.048100754,2.643618787,1.165031172,0.155658137
SNV,-0.041462417,0.076796652,0.269343692,9.546344753,0.212461824
JPM,0.032982836,0.1014571,0.33240476,9.741513182,0.269585979
KDP,0.155477684,-0.130820216,0.329806449,1.114442719,0.08240625
KEY,0.140180079,0.26667249,0.361789875,8.587328688,0.202636431
KMPR,1.157189116,-0.014834447,1.305976899,3.049808713,0.029222032
KO,1.563780546,0.057175449,2.256977076,3.109278726,0.119038963
L,0.028782305,-0.039766082,0.182253054,2.941696336,0.051344301
LB,0.222883325,0.213846837,0.586857678,-19.27047449,0.091002223
LEJU,0.882839695,0,0.760627068,0.53028368,-0.133321234
LLY,-4.908092222,0.014218106,-3.022858505,2.026200347,0.080247645
HTLF,-0.026773107,0.153594101,0.149327838,10.38195755,0.191381073
LOW,0.076309336,0.161525523,0.370657763,4.147262289,0.046968187
LPL,-0.16516145,0,0.160551769,0.892557436,0.044377791
LTM,-1.512138235,0,0.113002838,4.150885983,0.00044752
QCRH,-0.041062841,0.396861271,0.062541192,10.43230341,0.224523259
LXFR,0.541116041,0.077160494,0.811545043,1.602349569,0.037944362
LYB,-0.036964089,0.002895976,0.322897305,2.423601876,0.13655556
LZB,0.099539817,0.151372341,0.24715383,0.456314223,0.053177947
MA,0.195933905,0.229468418,0.212578439,2.289790812,0.361287672
MAS,0.419879345,0.033536198,0.285882769,-49.21438396,0.062057672
WYND,-0.052509094,0.105884603,0.324294124,10.89398493,0.154170976
MBT,-0.011989991,0.012424566,1.013043295,3.153061231,0.117928641
MCO,1.455234929,0.100371327,0.679230329,-30.23387263,0.194038067
MCY,0.312459915,0.005845607,1.553759874,1.72361052,0.029944289
INBK,-0.196954886,0.168671774,0.110574536,11.1886947,0.24291358
MDT,0.182469936,0.253437717,0.665976381,0.900083278,0.120637629
MET,1.687499683,0.040180114,0.982211178,11.82814187,0.05536982
MITT,3.049042108,-0.09063899,3.477353706,4.828656758,0.689458827
MMM,0.091297957,0.082682608,0.545727353,2.114955938,0.160274415
FRC,-0.043594651,0.121634884,0.258707227,11.50366562,0.30010374
NTRS,-0.038164564,0.086588352,0.351477634,13.19550196,0.211369043
MRK,0.895339906,-0.004441731,1.229550717,1.323770578,0.091647106
MS,0.070228391,0.404756637,0.264747778,10.63897306,0.169588305
MSI,-1.335086109,-0.007223974,-0.342182267,-31.70377388,0.058520924
HIG,-0.258789483,0.066162495,0.150576183,13.30764595,-0.007918871
MTX,-0.212881061,0.004830918,0.051075895,1.804973768,0.085964738
NBR,0.63647823,0.084043059,-0.120284137,1.516536991,-0.257264664
NEM,3.465698712,0.24820063,-0.412613786,0.883676293,-0.023537061
MPB,-0.026907755,0.052028176,0.319427404,13.46988717,0.184178056
SCHW,-0.037784613,0.17048482,0.25873857,14.57371568,0.25193297
NTB,-0.059363743,-0.100982896,0.400424529,13.13770792,0.278518797
NUE,2.067585379,0.007107393,2.303784617,0.841230987,0.039717012
NVO,0.103335285,0.241633378,0.497581508,1.054605006,0.334550544
NVS,0.338844919,-0.015574579,0.727142369,0.746034056,0.214160818
NYCB,-4.163638454,-0.055404203,-2.73139583,7.064911716,0.209436875
NYT,0.340940559,0.021822923,0.655737557,1.752078344,0.020656246
OAK,0.026025214,0.212016491,1.002356338,9.945272553,0.227946454
OCN,0,0,0,10.93278539,-0.131001461
OMC,0.038651971,0.032743657,0.455810919,8.473035441,0.072680639
ORCL,0.719354179,0.118570319,0.462743701,1.617260583,0.194574021
ORI,-0.049025214,0.014500251,0.434144157,3.221262177,0.081653292
PRU,-0.225563961,0.082796218,0.220140358,15.84876391,0.099234709
PBFX,-0.360954228,-0.258561826,0.759407285,-10.60951667,0.448669886
PBI,0.759897845,-0.027050114,0.805605933,3.049506547,0.071624409
PBR,0,0,0,2.285480343,-0.056482471
BMO,-0.035197031,0.032862757,0.448164995,16.66843935,0.23654567
PG,-0.020519875,0.001259279,0.643177917,1.231948725,0.180794636
PGR,0.47878052,0.324029817,0.410895867,3.093718932,0.054750285
PH,0.02337506,0.024244687,0.372962057,1.728603548,0.07564691
PKX,0.625710016,0.087833269,1.944038908,0.793093951,0.024928733
PLT,-32.03270181,-0.077310577,-7.486924683,1.90017591,0.057511915
PNC,0.051282772,0.015317146,0.315764043,7.415172345,0.291748725
PPG,0.300387548,0.063396985,0.339633934,2.204504781,0.08932959
PRA,0.2626007,-0.02536234,0.54895891,1.803999592,0.14931753
TD,-0.002740726,0.097274006,0.424014965,16.68190058,0.282722042
RY,-0.0051053,0.080379483,0.468219825,17.27876245,0.286225324
SPGI,-0.325504727,0.089407875,0.2586226,19.01985488,0.278780379
RDN,1.388545914,0.049376138,0.010524689,1.08928039,0.196159032
RE,0.606747937,0.125522213,0.272360564,1.719823483,0.138950395
RF,0.137345487,0.133047659,0.33705852,6.915437258,0.217934071
RGA,0.113653045,0.072525187,0.164524303,6.340488647,0.084890974
RIG,-1.79568802,-0.625736739,0.440462428,0.745393991,-0.266704271
RJF,0.031971284,0.130623675,0.206542414,5.132945222,0.098491902
RL,-1.852385153,0.009875469,-0.077485925,0.716497943,0.021645716
IBKR,-0.068274852,0.067959866,0.396049648,50.21509186,0.047251
ROK,0.07647977,0.068556591,0.471499972,2.031649613,0.128712861
RPM,0.136439663,0.071443962,0.588292209,2.414771364,0.057944617
RTN,0.114329339,0.073813783,0.402039247,1.938340865,0.087781434
UPS,-0.040525199,0.054121506,0.618650407,52.50402044,0.071289666
SAP,0.015645751,0.079032811,0.393507844,0.706781896,0.161293922
SB,-0.646994996,-0.215183197,-0.254097805,1.120882631,-0.486147387
SCCO,0.7551903,0.499894125,0.391251273,1.299268689,0.133250427
IP,-0.26453835,0.074674979,0.633264422,5.88960832,0.063448705
SCS,0.187209218,0.051588373,0.520030623,1.359410201,0.041051517
SDRL,0,0,0,1.437827157,-0.567538364
SF,0.519743421,0,0.045108325,5.339541847,0.044786034
SFUN,-17.8493222,0.00450352,-5.481650768,1.900298682,-0.051113534
SID,-0.943870891,-0.35299424,-0.226461525,5.979598346,-0.04450219
SLB,0.019464843,0.124303493,-0.749144544,0.910064087,-0.017231943
SLF,0.040829683,0.093682053,0.444782091,11.79218158,0.095104535
BRKS,-0.577780643,0.071502659,0.64942912,0.23360709,-0.002632962
SNE,0.114511804,0.359733317,0.163182792,5.500574292,0.028459356
ABBV,-0.119691489,0.157073041,0.679446925,12.86431474,0.215127257
SNX,1.083622107,1.439289373,0.130238988,1.826738913,0.016670019
SNY,-0.164499606,0.003152449,0.699939887,0.763734995,0.163868851
T,-0.281818005,0.081612249,0.694077257,2.230271152,0.117855743
SQM,0.148290428,0.437412523,0.782804742,0.91531292,0.156416173
EQGP,-0.148793061,0.023305579,0.718812328,-1.151772401,0.320149689
PBCT,-0.028222837,0.073138561,0.743219256,7.133856695,0.221475714
STI,0.115206634,0.215381831,0.299080833,7.904335725,0.248061407
STM,-0.231174719,-0.147188979,2.140472052,0.787858955,0.019516278
STN,0.419805721,0.181998243,0.390186146,0.994352351,0.045461132
STT,0.102166705,0.127090272,0.340321548,11.92193841,0.19881104
SUP,-3.054863491,0.002997211,-0.633048668,1.035806062,0.027924546
SUPV,0.211274873,1.302318664,0.01909348,8.252283739,0.160409626
SYK,0.054711842,0.112545023,0.443485285,1.090593339,0.124026319
GRMN,-0.146592922,0.039618351,0.774130283,0.32886817,0.185369484
SPKE,-0.506499985,2.149128336,0.782920814,9.34474139,0.020278967
TDS,0.690735792,0.059612123,0.747049037,1.102452054,0.026903011
TEO,0.140380202,0.871002172,0.273968983,1.619920968,0.132403915
PFE,-0.08342473,0.050382151,0.790235371,1.621757255,0.228190353
TEVA,1.805983922,0.031079611,1.797170673,2.216759056,-0.210258612
TGS,-1.235635097,-0.265286479,-0.236159264,2.341558065,0.104364278
THG,0.629008344,0.095510319,0.371103156,3.994012158,0.044375862
TIF,0.188485482,0.082765183,0.528142689,0.708711008,0.104414457
TKR,-0.054824627,-0.025926828,0.483459018,1.185912392,0.062037975
PAYX,-0.010338918,0.102666295,0.801325425,2.516932787,0.263966533
TMK,0.009626122,0.014799361,0.124330318,3.794575496,0.209848112
TOL,-0.13323494,0,0.09309931,1.1876757,0.084355073
TOT,-0.372974565,-0.194629354,0.449468108,1.286525403,0.047263782
TPR,0.059144716,0.01091511,0.806376563,0.941526249,0.100599293
TRN,0.310197451,0.103068485,0.126315916,1.197776411,0.130424843
TRV,0.259090359,0.025020924,0.282619545,3.307703185,0.102996682
TS,-6.246870916,-0.030319012,1.147116617,0.244246397,0.034756918
TSM,0.199560888,0.333365579,0.460145287,0.369189398,0.353977378
TSN,0.16226991,0.453233715,0.140827789,1.452117534,0.041264252
TSU,0.435996472,-0.18968538,0.351900666,0.985752149,0.081916791
TV,0.415173506,0,0.210147177,2.309272489,0.070140927
TVPT,6.554668914,1.03934675,1.585446533,-10.97962763,0.024239837
TWI,0.252308595,0.028999284,-0.020836445,2.694903755,-0.04149583
FORR,-0.043158815,0.044690845,0.883783672,1.396253581,0.045733954
UBS,1.179907275,0.388752555,1.03586929,16.43716748,0.117348933
CME,-0.053698195,0.113935256,1.12114413,2.356557043,0.638807216
UNH,0.043799927,0.267904274,0.2973681,2.073610371,0.042482889
TLP,-0.066799503,0.036501292,1.283212251,1.276787864,0.210069616
ENLK,-2.106579527,0.355491412,1.315081162,1.310136203,-0.148586044
NLY,-1.154783006,0.039397111,1.435178766,6.332906501,0.709166829
UTI,2.534715628,-0.01444842,-0.501771056,2.130383541,-0.062562409
GLOG,-0.481615421,0.521014171,3.361564268,2.944771972,0.003169991
V,0.087648649,0.162197869,0.215681188,0.918915192,0.406015099
VHI,1.677677365,-0.089922803,-0.592054163,-6.04766631,0.00338398
VOYA,0.337531769,-0.073340667,-0.001693268,17.19962165,-0.112574749
W,0,0,0,-5.216167378,-0.047912439
WBS,0.017013517,0.09692432,0.437156058,9.598835598,0.238401302
WFC,0.080118344,0.053947831,0.398747535,9.522441886,0.263804003
WIT,-0.300620114,-0.305495137,0.189678233,0.547404163,0.15834648
WLK,0.09210142,0.100305187,0.154836787,1.325511079,0.128506591
WTM,-0.167736193,-0.066129032,0.0166261,0.792011851,0.721052419
WWE,-0.829824632,0.006450359,1.238304287,1.296796144,0.041284449
TX,-10.5287646,0.10370367,7.419212402,0.926102936,0.058281816
BP,-14.21613458,0.055051536,13.6279752,1.739188637,-0.004781658
YUMC,-0.377529321,0,0.095879025,0.558685322,0.059169977
ZBH,1.012606894,0.102187363,0.596611766,1.58369473,0.099813065
ZTO,-0.694819242,0,0.086352219,0.28558064,0.223518965
