,52WeekChange,SandP52WeekChange,annualHoldingsTurnover,annualReportExpenseRatio,auditRisk,beta,beta3Year,boardRisk,bookValue,category,compensationRisk,currentPrice,currentRatio,dateShortInterest,debtToEquity,earningsGrowth,earningsQuarterlyGrowth,ebitda,ebitdaMargins,enterpriseToEbitda,enterpriseToRevenue,enterpriseValue,financialCurrency,fiveYearAverageReturn,floatShares,forwardEps,forwardPE,freeCashflow,fullTimeEmployees,fundFamily,fundInceptionDate,grossMargins,grossProfits,heldPercentInsiders,heldPercentInstitutions,industry,lastCapGain,lastDividendValue,lastFiscalYearEnd,lastSplitDate,lastSplitFactor,legalType,maxAge,maxAge_finData,morningStarOverallRating,morningStarRiskRating,mostRecentQuarter,netIncomeToCommon,nextFiscalYearEnd,numberOfAnalystOpinions,operatingCashflow,operatingMargins,overallRisk,pegRatio,priceHint,priceToBook,priceToSalesTrailing12Months,profitMargins,profitMargins_finData,quickRatio,recommendationKey,recommendationMean,returnOnAssets,returnOnEquity,revenueGrowth,revenuePerShare,revenueQuarterlyGrowth,sector,shareHolderRightsRisk,sharesOutstanding,sharesPercentSharesOut,sharesShort,sharesShortPreviousMonthDate,sharesShortPriorMonth,shortPercentOfFloat,shortRatio,targetHighPrice,targetLowPrice,targetMeanPrice,targetMedianPrice,threeYearAverageReturn,totalAssets,totalCash,totalCashPerShare,totalDebt,totalRevenue,trailingEps,yield,ytdReturn
ABT.TO,0.03221476,0.15987647,,,2.0,1.442919,,3.0,-1.406,,6.0,7.65,0.607,1536019200,,,,5996211,0.064050004,46.171,2.957,276852224,USD,,24604649,0.17,45.0,19870880,495.0,,,0.84432,79046749,,,Software - Application,,,1530316800,1199232000,2/1,,1,86400,,,1530316800,3110853,1593475200,8,12549655,0.030739998,4.0,,2,,,0.03323,0.03323,0.58,hold,2.8,0.01842,,0.038,2.339,,Technology,6.0,40269800,0.0577,2301761,1533081600,2301322,,56.69,8.14,5.81,6.59,6.2,,,34329304,0.854,0,93621832,0.078,,
AIM.TO,0.7029289,0.15987647,,,2.0,4.391861,,9.0,-1.253,,1.0,4.17,0.308,1536019200,,,,182700000,0.111260004,3.399,0.378,621020992,CAD,,151748229,0.73,5.712329,42912500,2900.0,,,0.3719,620100000,,,Business Services,,,1514678400,,,,1,86400,,,1530316800,-96000000,1577750400,7,255400000,0.0038400001,2.0,1.39,2,,,-0.1355,-0.1355,0.274,hold,3.0,0.00101,,0.039,10.781,,Industrials,2.0,152307008,0.0126,1919833,1533081600,2099015,,1.25,5.0,0.75,3.79,4.75,,,343500000,2.255,329400000,1642099968,-1.574,,
ALS.TO,0.028156996,0.15987647,,,2.0,1.874683,,6.0,7.881,,3.0,12.13,2.601,1536019200,29.868,2.0,1.996,33778000,0.67096,19.214,12.892,649019648,CAD,,40659722,0.51,23.784315,,18.0,,,0.87641996,39843000,,,Industrial Metals & Minerals,,,1514678400,,,,1,86400,,,1530316800,31620500,1577750400,4,,0.40849,5.0,,2,1.5391448,,0.62811,0.62811,2.601,buy,2.0,,,0.485,1.174,,Basic Materials,9.0,43099500,0.0208,887391,1533081600,873829,,19.05,18.5,16.0,17.13,17.0,,,65692000,1.52,122537000,50342500,0.735,,
BDT.TO,-0.1956746,0.15987647,,,2.0,0.716526,,8.0,3.146,,1.0,7.61,1.14,1536019200,79.651,,,10230000,0.0074699996,34.51,0.258,353036896,CAD,,40797046,0.61,12.4754095,-54102376,1641.0,,,0.045089997,74447000,,,Engineering & Construction,,,1514678400,1302566400,3/1,,1,86400,,,1530316800,-1086000,1577750400,4,-40660000,-0.0012800001,4.0,-70.09,2,2.4189448,,-0.00079,-0.00079,1.127,buy,1.8,-0.0016,-0.00748,-0.086,32.194,,Industrials,2.0,42516900,0.0148,574638,1533081600,550685,,8.71,11.0,9.0,10.0,10.0,,,71114000,1.673,106550000,1368790016,-0.03,,
BMO.TO,0.15069687,0.15987647,,,1.0,0.794296,,1.0,63.313,,1.0,106.42,,1536019200,,0.127,0.107,,0.0,,-2.364,-52131749888,CAD,,639270717,7.42,14.342318,,45200.0,,,0.0,21486000000,,,Banks - Global,,,1509408000,983404800,2/1,,1,86400,,,1532995200,4792999936,1572480000,13,-12997999616,0.33043,1.0,2.23,2,1.6808554,,0.22591,0.22591,,buy,2.1,0.00676,0.11363,0.056,34.191,,Financial Services,1.0,639929984,0.02,12820908,1533081600,9936651,,9.93,95.61,81.95,88.2,88.02,,,262354993152,409.975,137114001408,22052999168,7.399,,
BNE.TO,0.18964398,0.15987647,,,2.0,2.775732,,10.0,15.13,,9.0,18.21,0.516,1536019200,64.569,1.997,1.997,128289000,0.62403,7.219,4.505,926098752,CAD,,26656298,0.9,20.233334,25270000,37.0,,,0.67754996,126593000,,,Oil & Gas E&P,,,1514678400,,,,1,86400,,,1530316800,11373000,1577750400,16,113748000,0.15640001,10.0,,2,1.203569,,0.055320002,0.055320002,0.393,buy,2.2,0.01731,0.022,0.234,6.172,,Energy,6.0,33310800,0.0738,2459796,1533081600,2183914,,22.49,24.0,17.0,21.29,21.25,,,241000,0.007,325412992,205580992,0.341,,
BNS.TO,-0.026312351,0.15987647,,,1.0,1.29652,,1.0,49.322,,3.0,75.43,,1536019200,,-0.071,-0.03,,0.0,,-1.386,-35462483968,CAD,,1221056849,5.66,13.326856,,96988.0,,,0.0,24906000000,,,Banks - Global,,,1509408000,1080864000,2/1,,1,86400,,,1532995200,8232999936,1572480000,12,-22603999232,0.42686,1.0,2.44,2,1.5293379,,0.32773,0.32773,,buy,2.4,0.0092,0.13609,-0.013,21.239,,Financial Services,1.0,1231740032,0.0239,29466768,1533081600,29418956,,19.48,72.44,62.42,67.01,67.43,,,256607993856,208.33,122170998784,25582000128,6.743,,
CF.TO,0.536036,0.15987647,,,2.0,0.149459,,4.0,6.362,,7.0,6.9,1.176,1536019200,17.67,,,,0.0,,-0.317,-341442752,CAD,,85621620,0.59,11.694916,,2038.0,,,0.88091004,879885000,,,Capital Markets,,,1522454400,,,,1,86400,,,1530316800,23498000,1585612800,2,249896992,0.06862,3.0,0.87,2,1.0845646,,0.03053,0.03053,1.076,buy,2.0,0.00976,0.04818,0.375,11.598,,Financial Services,2.0,98836704,0.0159,1806608,1533081600,1038900,,11.51,6.94,6.94,6.94,6.94,,,1365110016,14.146,147516992,1077606016,0.211,,
CM.TO,0.14168453,0.15987647,,,1.0,1.188977,,1.0,72.416,,1.0,122.56,,1536019200,,0.158,0.249,,0.0,,5.552,93368827904,CAD,,443550887,9.68,12.661157,,45091.0,,,0.0,15451000000,,,Banks - Global,,,1509408000,859248000,2/1,,1,86400,,,1532995200,5071000064,1572480000,15,-5603999744,0.39123002,1.0,2.33,2,1.6924436,,0.30685,0.30685,,buy,2.5,0.00896,0.16043,0.106,38.073,,Financial Services,1.0,443696992,0.0207,9198965,1533081600,8778747,,10.28,111.74,90.16,102.34,104.03,,,83910000640,189.115,120249999360,16816000000,11.442,,
CNU.TO,0.5609958,0.15987647,,,,2.014476,,,134.8,,,225.72,2.631,1536019200,33.908,0.583,0.568,18134360064,0.59747005,5.502,3.287,99768197120,CNY,,158735100,,,4995499008,18802.0,,,0.74761003,134471000000,,,Oil & Gas E&P,,,1514678400,,,,1,86400,,,1530316800,5153408000,1577750400,1,15852535808,0.27049,,,2,1.6744807,,0.16979,0.16979,2.414,buy,2.0,0.052010003,0.086840004,0.144,68.0,,Energy,,44647501824,0.0,2436,1533081600,2309,,18.47,6.0,6.0,6.0,6.0,,,21419536384,47.975,20409495552,30351816704,11.5,,
CSU.TO,0.36473072,0.15987647,,,2.0,-0.164081,,10.0,31.433,,9.0,935.75,0.725,1536019200,43.056,0.017,0.017,426844992,0.15274,46.717,7.136,19941042176,USD,,19655992,31.94,29.29712,620876608,14335.0,,,0.36812,937277000,,,Software - Application,,,1514678400,,,,1,86400,,,1530316800,264924000,1577750400,11,595897024,0.1489,10.0,1.71,2,29.769669,,0.094799995,0.094799995,0.636,hold,2.7,0.1117,0.44868,0.253,131.867,,Technology,6.0,21191500,0.0064,135662,1533081600,138670,,2.7,1007.6,720.82,856.28,891.33,,,343566016,16.212,286798016,2794514944,12.5,,
CTC.TO,0.04696381,0.15987647,,,2.0,-0.486205,,6.0,66.673,,3.0,235.0,1.822,1536019200,126.594,-0.153,-0.201,1484099968,0.10918,14.804,1.616,21970681856,CAD,,60150701,,,729512512,12488.0,,,0.31859,4331200000,,,Specialty Retail,,,1514592000,,,,1,86400,,,1530316800,686300032,1577664000,1,936700032,0.0848,7.0,,2,3.5246654,,0.05049,0.05049,1.37,strong_buy,1.0,0.04671,0.14431,0.028,204.028,,Consumer Cyclical,10.0,3423370,0.0,400,1533081600,160,,0.99,4.0,4.0,4.0,4.0,,,486500000,7.503,6448799744,13593600000,10.266,,
CWB.TO,0.0830189,0.15987647,,,2.0,2.508022,,4.0,25.869,,2.0,34.37,,1536019200,,0.098,0.101,,0.0,,7.524,5562340864,CAD,,88293458,2.5,13.747999,,2173.0,,,0.0,675649000,,,Banks - Regional - Canada,,,1509408000,1168300800,2/1,,1,86400,,,1532995200,245588000,1572480000,13,-2566522112,0.50240004,1.0,2.35,2,1.3286172,,0.35147998,0.35147998,,hold,2.8,0.00975,0.104720004,0.112,8.337,,Financial Services,1.0,88916800,0.020299999,1808795,1533081600,2075922,,17.19,34.5,23.76,29.96,30.66,,,145632000,1.638,2258895104,739276992,2.749,,
DR.TO,-0.026472509,0.15987647,,,2.0,1.05805,,1.0,4.492,,2.0,14.81,0.931,1536019200,85.859,0.006,-0.555,96005000,0.23743,6.773,1.608,650277504,USD,,30959090,0.75,19.746668,39753124,1544.0,,,0.41674998,161920000,,,Medical Care,,,1514678400,,,,1,86400,,,1530316800,17513000,1577750400,6,79037000,0.17305,1.0,0.9,2,3.2969725,,0.043309998,0.043309998,0.809,buy,2.5,0.0929,0.21330999,0.108,13.059,,Healthcare,1.0,30983300,0.0463,1435280,1533081600,1319474,,8.28,14.15,10.46,12.05,11.82,,,46756000,1.509,167884000,404352000,0.52,,
ECA.TO,0.19786906,0.15987647,,,1.0,5.504574,,2.0,6.794,,2.0,15.89,0.732,1536019200,68.524,,,1539000064,0.33261,12.549,4.174,19312314368,USD,,884293576,1.08,14.712963,-215250000,2107.0,,,0.45407,1710000000,,,Oil & Gas E&P,,,1514678400,1115683200,2/1,,1,86400,,,1530316800,65000000,1577750400,10,1582000000,0.103520006,2.0,0.44,2,2.3388283,,0.014049999,0.014049999,0.664,buy,1.7,0.01987,0.00979,0.363,4.773,,Energy,6.0,954528000,0.0064999997,6232150,1533081600,6850746,0.0064,3.03,21.0,12.82,17.32,17.0,,,336000000,0.351,4451999744,4626999808,0.067,,
EFH.TO,-0.019756854,0.15987647,,,,0.000693,,,12.88,,,12.67,0.54,1536019200,,0.269,0.279,9317000,0.03303,4.393,0.145,40927196,CAD,,11468478,1.21,10.471074,24968124,256.0,,,0.13265,34409000,,,Insurance - Property & Casualty,,,1514678400,,,,1,86400,,,1530316800,5763000,1577750400,2,40161000,0.01593,,,2,0.9836956,,0.02898,0.02898,0.455,hold,3.0,0.0046,0.0367,0.39,23.753,,Financial Services,,11923500,0.0716,856955,1533081600,853755,,266.53,14.0,14.0,14.0,14.0,,,113376000,9.509,0,282073984,0.678,,
EQB.TO,0.23576355,0.15987647,,,2.0,0.948429,,1.0,69.029,,1.0,68.48,,1536019200,,-0.039,-0.035,,0.0,,23.641,8260382208,CAD,,10966386,10.69,6.4059873,,609.0,,,0.0,347845000,,,Specialty Finance,,,1514678400,,,,1,86400,,,1530316800,151256000,1577750400,8,-2263484928,0.60777,1.0,0.29,2,0.9920469,,0.44652998,0.44652998,,buy,2.4,0.00748,0.13723,0.02,21.179,,Financial Services,2.0,16520600,0.0378,624337,1533081600,691217,,24.07,86.0,70.0,75.38,74.0,,,958099968,57.994,8052920832,349406016,9.1,,
FFH.TO,0.095875144,0.15987647,,,2.0,0.021784,,7.0,453.994,,9.0,695.0,2.152,1536019200,36.307,-0.856,-0.797,2400499968,0.13084,8.594,1.124,20629676032,USD,,25061634,44.26,15.702666,-652724992,,,,0.45224,6409900000,,,Insurance - Property & Casualty,,,1514678400,,,,1,86400,,,1530316800,2048600064,1577750400,3,-988700032,0.117910005,9.0,,2,1.5308573,,0.11412,0.11412,1.377,buy,2.5,0.02454,0.15107,0.292,662.422,,Financial Services,10.0,25844300,0.0016,43658,1533081600,49663,,1.21,658.81,581.31,630.04,650.0,,,11124500480,405.028,6694900224,18346999808,71.933,,
FNV.TO,-0.17332113,0.15987647,,,2.0,0.484188,,9.0,25.246,,5.0,80.68,8.367,1536019200,,0.153,0.175,521000000,0.77645,28.692,22.278,14948783104,USD,,183208969,1.36,59.32353,-510062496,32.0,,,0.81207,533000000,,,Gold,,,1514678400,,,,1,86400,,,1530316800,221700000,1577750400,15,491100000,0.39716998,7.0,4.41,2,3.1957538,,0.33040002,0.33040002,6.251,buy,2.1,0.0353,0.047810003,-0.015,3.61,,Basic Materials,3.0,186178000,0.005,924502,1533081600,647036,,1.77,96.88,77.51,85.58,86.0,,,72100000,0.387,0,671000000,1.179,,
FSZ.TO,-0.17627347,0.15987647,,,2.0,1.655735,,8.0,6.745,,4.0,12.41,1.465,1536019200,72.255,,,100728000,0.20288,15.59,3.163,1570383744,CAD,,52259282,0.98,12.663265,68891872,690.0,,,0.99684,454512000,,,Asset Management,,,1514678400,,,,1,86400,,,1530316800,1067000,1577750400,6,81433000,0.1149,9.0,,2,1.8398814,,0.00215,0.00215,1.35,buy,1.8,0.02903,0.0025799999,0.173,5.697,,Financial Services,10.0,78138600,0.0085,814893,1533081600,779034,,11.29,12.33,10.79,11.56,11.56,,,42829000,0.448,466311008,496491008,0.01,,
FTT.TO,0.07209802,0.15987647,,,2.0,1.572441,,1.0,12.599,,2.0,29.66,2.16,1536019200,72.817,0.467,0.473,608000000,0.091029994,10.207,0.929,6206106112,CAD,,167497678,2.2,13.481818,171875008,,,,0.26172,1657000000,,,Industrial Distribution,,,1514678400,1180310400,2/1,,1,86400,,,1530316800,271000000,1577750400,9,229000000,0.06573,1.0,0.45,2,2.354155,,0.040570002,0.040570002,0.851,buy,2.1,0.05233,0.13363,0.092,39.694,,Industrials,3.0,168216000,0.0058999998,985766,1533081600,929950,,2.41,45.0,30.0,39.17,40.0,,,300000000,1.784,1543000064,6679000064,1.6,,
G.TO,-0.16363633,0.15987647,,,2.0,1.029448,,7.0,16.158,,4.0,13.34,1.007,1536019200,20.02,,,1295000064,0.38564998,11.0,4.242,14245459968,USD,,863681720,0.67,19.910448,365624992,7079.0,,,0.45831,1546000000,,,Gold,,,1514678400,1021593600,2/1,,1,86400,,,1530316800,289000000,1577750400,14,1255000064,-0.15873,4.0,2.03,2,0.82559717,,0.08606,0.08606,0.538,buy,2.0,-0.015369999,0.02071,-0.035,3.866,,Basic Materials,1.0,869283968,0.0106,9173317,1533081600,9300996,,5.04,23.0,14.34,18.24,17.83,,,159000000,0.183,2812000000,3358000128,0.331,,
HBM.TO,-0.3901919,0.15987647,,,2.0,4.291667,,3.0,8.299,,1.0,5.9,2.149,1536019200,48.752,0.171,0.289,678643968,0.44569,3.085,1.375,2093647232,USD,,231410504,0.52,11.346154,243127008,2219.0,,,0.49863997,666825000,,,Copper,,,1514678400,,,,1,86400,,,1530316800,220908992,1577750400,17,525735008,0.23907,2.0,3.69,2,0.71092904,,0.14508,0.14508,1.668,buy,2.0,0.05027,0.111499995,0.105,5.96,,Basic Materials,3.0,261272000,0.0113,2957925,1533081600,2323951,,2.02,12.99,6.0,8.39,7.64,,,439576000,1.682,1057041024,1522697984,0.865,,
ISV.TO,-0.057549775,0.15987647,,,,0.67109,,,6.004,,,16.64,1.269,1536019200,19.807,0.074,0.091,26342000,0.24997,10.639,2.66,280262016,CAD,,12032825,1.02,16.313725,36459500,357.0,,,0.84558,86628000,,,Business Services,,,1514678400,,,,1,86400,,,1530316800,28377000,1577750400,3,28771000,0.23732,,2.78,2,2.7714856,,0.26928,0.26928,1.176,hold,2.7,0.1007,0.29073998,0.26,6.022,,Industrials,,17500000,0.0001,2735,1533081600,3388,,0.43,23.0,19.0,20.67,20.0,,,31748000,1.814,20810000,105380000,1.621,,
JE.TO,-0.4279412,0.15987647,,,2.0,-0.015271,,6.0,0.271,,1.0,3.82,1.373,1536019200,309.535,,,146020000,0.03995,8.717,0.348,1272895360,CAD,,100519211,0.53,7.2075477,-169052256,1576.0,,,0.17424,640927000,,,Utilities - Diversified,,,1522454400,1075248000,2/1,,1,86400,,,1530316800,355545984,1585612800,7,28867000,0.033180002,1.0,,2,14.095941,,0.099589996,0.099589996,0.977,buy,2.4,0.05232,6.2776504,0.034,24.8,,Utilities,2.0,149251008,0.024,3583077,1533081600,3278531,,7.18,5.96,3.47,4.26,3.85,,,42084000,0.282,578862016,3655321088,1.997,,
L.TO,0.008525252,0.15987647,,,2.0,0.709298,,6.0,32.703,,5.0,66.45,1.139,1536019200,123.692,-0.856,-0.854,3964999936,0.08525,9.974,0.85,39547244544,CAD,,181113817,3.84,17.304688,1573124992,200000.0,,,0.30238,13791000000,,,Grocery Stores,,,1514592000,831513600,3/1,,1,86400,,,1529107200,1326000000,1577664000,10,2983000064,0.056360003,6.0,2.81,2,2.0319235,,0.028770002,0.028770002,0.619,buy,2.4,0.044260003,0.10759,-0.014,120.927,,Consumer Defensive,7.0,374792000,0.0295,11034625,1533081600,10893620,,23.91,64.5,55.39,59.26,58.05,,,1556000000,4.157,15463999488,46507999232,3.425,,
LB.TO,-0.25474012,0.15987647,,,2.0,1.016926,,1.0,53.339,,4.0,42.43,,1536019200,,-0.169,0.002,,0.0,,5.914,6017874944,CAD,,41939845,4.11,10.323601,,3739.0,,,0.0,953051000,,,Banks - Regional - Canada,,,1509408000,,,,1,86400,,,1532995200,217419008,1572480000,10,18906000,0.30091,1.0,3.06,2,0.795478,,0.22845,0.22845,,hold,2.9,0.00506,0.102510005,0.059,25.227,,Financial Services,1.0,41843900,0.044499997,1868091,1533081600,1708837,,9.42,42.49,33.39,36.27,35.66,,,6581868032,156.727,10568787968,1017620992,5.386,,
LUC.TO,-0.045082033,0.15987647,,,2.0,1.866177,,8.0,0.665,,7.0,2.25,4.275,1536019200,,-0.378,-0.388,96176000,0.46923,8.428,3.955,810548544,USD,,310523006,0.13,17.307693,-4968750,250.0,,,0.5862,136836000,,,Industrial Metals & Minerals,,,1514678400,,,,1,86400,,,1530316800,47215000,1577750400,6,82009000,0.36484,6.0,-10.98,2,3.3834586,,0.23035,0.23035,2.494,strong_buy,1.5,0.13113,0.19211,-0.189,0.529,,Basic Materials,1.0,396376000,0.0022,922149,1533081600,808304,,3.54,3.2,1.9,2.36,2.23,,,49637000,0.125,0,204967008,0.119,,
MAXR.TO,-0.35077775,0.15987647,,,2.0,1.470897,,2.0,36.22,,10.0,45.32,1.025,1536019200,150.428,,,519700000,0.25739,11.267,2.9,5855580672,USD,,58806169,4.99,9.082165,220860144,6400.0,,,0.30028,376700000,,,Communication Equipment,,,1514678400,,,,1,86400,,,1530316800,89200000,1577750400,11,340400000,0.08935001,8.0,1.28,2,1.2512424,,0.044180002,0.044180002,0.777,buy,2.0,0.02451,0.05968,0.543,39.314,,Technology,7.0,59131300,0.028399998,1681987,1533081600,1165958,,4.7,73.56,44.74,60.52,60.67,,,19000000,0.321,3194800128,2019100032,1.737,,
MIC.TO,0.19362748,0.15987647,,,2.0,1.947025,,9.0,44.792,,7.0,43.98,0.3,1536019200,11.025,-0.2,-0.225,632726016,0.74746,6.324,4.727,4001220096,CAD,,39247962,3.79,11.604221,220154000,270.0,,,0.90072,780905000,,,Insurance - Specialty,,,1514678400,,,,1,86400,,,1530316800,515222016,1577750400,6,400643008,0.74361,10.0,22.3,2,0.9818718,,0.60865,0.60865,0.201,hold,2.7,0.05776,0.13095,-0.1,9.326,,Financial Services,10.0,89884200,0.021300001,1909592,1533081600,2032734,,15.04,39.3,36.22,37.57,37.18,,,388591008,4.323,443892000,846500992,5.661,,
NA.TO,0.124347806,0.15987647,,,,1.291442,,,33.905,,,64.72,,1536019200,,0.109,0.105,,0.0,,-6.156,-41438900224,CAD,,337522425,6.37,10.160126,,23029.0,,,0.0,6365000000,,,Banks - Global,,,1509408000,1392336000,2/1,,1,86400,,,1532995200,2000999936,1572480000,11,-10602000384,0.40537998,,0.8,2,1.9088631,,0.31209,0.31209,,hold,3.0,0.0088,0.15862,0.061,19.784,,Financial Services,,338219008,0.023,7775346,1533081600,6780026,,9.38,73.0,66.0,69.09,69.0,,,97681997824,288.813,31456000000,6732000256,5.81,,
OR.TO,-0.38566136,0.15987647,,,2.0,0.973716,,9.0,12.061,,6.0,9.67,7.785,1536019200,22.251,-0.967,-0.954,81584000,0.18493,22.101,4.087,1803114752,CAD,,114958985,0.23,42.043476,-31933376,42.0,,,0.25826,87571000,,,Gold,,,1514678400,,,,1,86400,,,1530316800,-54799000,1577750400,16,65580000,0.07673,7.0,23.1,2,0.80175775,,-0.12420999,-0.12420999,7.463,buy,1.9,0.01086,-0.03539,6.507,2.881,,Basic Materials,6.0,156258000,0.0324,5057691,1533081600,5403584,,19.54,16.18,11.17,13.32,13.1,,,189631008,1.214,419228000,441164000,-0.358,,
OTEX.TO,0.26101267,0.15987647,,,2.0,0.417275,,3.0,13.92,,2.0,50.41,1.335,1536019200,70.496,0.326,0.338,805675008,0.28618,19.156,5.482,15433484288,USD,,261933877,3.0,16.803333,613224832,12200.0,,,0.72807,2049698000,,,Software - Application,,,1530316800,1485302400,2/1,,1,86400,,,1530316800,242224000,1593475200,7,709884992,0.1899,2.0,1.25,2,3.621408,,0.08604,0.08604,1.233,buy,2.3,0.04383,0.06684,0.137,10.58,,Technology,3.0,266960992,0.0046,1221823,1533081600,1479022,0.0047,2.51,50.0,36.82,44.84,45.0,,,682942016,2.558,2620523008,2815240960,0.91,,
PAAS.TO,-0.11234391,0.15987647,,,2.0,2.259404,,7.0,10.38,,6.0,18.86,4.078,1536019200,1.91,0.026,0.02,290220992,0.3454,9.669,3.34,2806006784,USD,,149958067,0.85,22.188236,102475624,4360.0,,,0.39997002,295157000,,,Silver,,,1514678400,,,,1,86400,,,1530316800,149711008,1577750400,7,244432992,0.21757999,5.0,0.88,2,1.8169557,,0.17817,0.17817,2.293,buy,2.0,0.05783,0.09977,0.075,5.483,,Basic Materials,1.0,153316992,0.0033000002,503429,1533081600,552385,,2.7,23.0,17.83,20.71,21.0,,,250248000,1.633,30488000,840243008,0.97,,
RY.TO,0.117500305,0.15987647,,,1.0,0.94844,,1.0,49.595,,1.0,103.07,,1536019200,,0.134,0.114,,0.0,,-2.134,-87999471616,CAD,,1439243269,6.94,14.851584,,82236.0,,,0.0,39519000000,,,Banks - Global,,,1509408000,1143072000,2/1,,1,86400,,,1532995200,11696000000,1572480000,14,-25124999168,0.39804,2.0,2.46,2,2.0782337,,0.29053,0.29053,,buy,2.4,0.00964,0.15946001,0.093,28.476,,Financial Services,6.0,1439949952,0.0078,11292788,1533081600,9677799,,6.58,94.01,80.14,86.85,85.92,,,516192993280,358.48,273380999168,41242001408,8.048,,
SLF.TO,0.06562233,0.15987647,,,2.0,0.690404,,1.0,35.381,,3.0,50.54,481.581,1536019200,18.978,0.243,0.221,3440999936,0.12734,-10.855,-1.382,-37353582592,CAD,,606799512,3.86,13.093265,3917125120,21495.0,,,0.25557,5263000000,,,Insurance - Diversified,,,1514678400,,,,1,86400,,,1530316800,2399000064,1577750400,13,2112999936,0.1216,1.0,1.81,2,1.4284503,,0.092259996,0.092259996,448.916,buy,2.4,0.00764,0.10682,-0.16,44.262,,Financial Services,3.0,607011968,0.015800001,9588988,1533081600,8894896,,9.43,47.78,43.15,45.58,45.47,,,74968997888,123.505,4504000000,27022000128,3.914,,
SNC.TO,-0.061902165,0.15987647,,,2.0,1.088527,,2.0,28.612,,1.0,52.53,0.939,1536019200,69.695,-0.481,-0.391,983057984,0.09354,12.219,1.143,12012113920,CAD,,175455690,2.48,21.181452,373787360,52448.0,,,0.19247,1893432000,,,Engineering & Construction,,,1514678400,1141776000,3/1,,1,86400,,,1530316800,317015008,1577750400,12,-173712000,0.06297,3.0,7.9,2,1.835943,,0.03017,0.03017,0.806,buy,1.8,0.03429,0.06959,0.306,59.895,,Industrials,7.0,175554000,0.013300001,2330046,1533081600,2432316,,7.28,58.43,50.84,54.28,54.63,,,901915008,5.138,3500062976,10509087744,1.807,,
STN.TO,-0.04716152,0.15987647,,,1.0,1.856277,,1.0,17.361,,3.0,32.69,1.689,1536019200,47.157,-0.591,-0.594,335000000,0.09731,13.453,1.309,4506615296,CAD,,112594311,1.67,19.57485,79933000,22000.0,,,0.52459,1827900000,,,Engineering & Construction,,,1514678400,1416182400,2/1,,1,86400,,,1530316800,133800000,1577750400,11,146800000,0.065799996,2.0,1.34,2,1.8829559,,0.03887,0.03887,1.627,buy,2.5,0.03512,0.068720005,0.022,30.215,,Industrials,3.0,113865000,0.0128999995,1471980,1533081600,1331198,,7.79,31.09,26.54,28.33,28.06,,,229700000,2.017,933200000,3442500096,1.17,,
TCW.TO,-0.3645833,0.15987647,,,2.0,1.820203,,9.0,3.29,,4.0,2.48,2.639,1536019200,6.737,,,173264000,0.15442,5.451,0.842,944476800,CAD,,319742911,0.23,10.782609,108765624,2067.0,,,0.14436,131942000,,,Oil & Gas Equipment & Services,,,1514678400,1148342400,2/1,,1,86400,,,1530316800,-1893000,1577750400,15,157599008,0.042,7.0,-0.59,2,0.7537994,,-0.00271,-0.00271,2.017,buy,1.9,0.020739999,-0.0017200001,0.254,3.314,,Energy,3.0,323496000,0.0121,3951902,1533081600,3881731,,2.62,6.5,3.5,4.98,5.0,,,11440000,0.035,72363000,1122019968,-0.009,,
TD.TO,0.16565418,0.15987647,,,1.0,0.708036,,3.0,39.345,,1.0,78.93,,1536019200,,0.131,0.127,,0.0,,0.506,18025082880,CAD,,1775517030,5.25,15.034286,,83639.0,,,0.0,33933000000,,,Banks - Global,,,1509408000,1391385600,2/1,,1,86400,,,1532995200,10784000000,1572480000,15,-44809998336,0.40622002,1.0,1.71,2,2.0061,,0.30896,0.30896,,buy,2.1,0.00889,0.14669,0.062,19.342,,Financial Services,6.0,1826099968,0.024400001,44510141,1533081600,43872058,,20.1,71.29,57.49,65.87,66.69,,,341121007616,186.803,207911993344,35593998336,5.85,,
TWM.TO,0.07407415,0.15987647,,,,0.832691,,,1.348,,,1.47,1.03,1536019200,56.139,-0.02,-0.338,60722000,0.22527,11.784,2.654,715527616,CAD,,276945056,0.07,21.0,-103894496,,,,0.30424,69645000,,,Oil & Gas Midstream,,,1514678400,,,,1,86400,,,1530316800,8487000,1577750400,13,46155000,0.08961,,4.44,2,1.0905044,,0.03148,0.03148,0.899,buy,1.7,0.01747,0.01806,0.234,0.819,,Energy,,329233984,0.0033000002,1083830,1533081600,1522883,,3.07,1.97,1.46,1.68,1.66,,,22865000,0.069,252224992,269555008,0.02,,
VB.TO,0.24909091,0.15987647,,,,1.493513,,,8.987,,,6.78,,1536019200,,0.954,0.744,,0.0,,1.905,93588728,CAD,,10867649,0.66,10.272727,,80.0,,,0.0,43967000,,,Banks - Regional - Canada,,,1509408000,,,,1,86400,,,1532995200,13531000,1572480000,1,-79237000,0.44188,,,2,0.754423,,0.32028,0.32028,,buy,2.0,0.00899,0.07396,0.199,2.325,,Financial Services,,21123600,0.0001,5349,1533081600,5870,,0.19,7.71,7.71,7.71,7.71,,,122257000,5.788,43291000,49120000,0.641,,
WCP.TO,-0.15669203,0.15987647,,,2.0,2.592365,,4.0,7.795,,4.0,7.75,0.508,1536019200,39.388,,,520208000,0.47368,8.88,4.206,4619231232,CAD,,410135300,0.65,11.923078,-639820096,250.0,,,0.70383,600086000,,,Oil & Gas E&P,,,1514678400,1287360000,1/10,,1,86400,,,1530316800,-239410000,1577750400,19,610990016,-0.25672,3.0,-0.56,2,0.99422705,,-0.218,-0.218,0.507,buy,1.8,-0.0311,-0.07423,0.726,2.772,,Energy,3.0,417484992,0.0308,12849349,1533081600,14369845,,11.81,16.0,12.0,13.54,13.5,,,10962000,0.026,1281842944,1098225024,-0.604,,
WJA.TO,-0.24607724,0.15987647,,,2.0,0.86911,,9.0,19.747,,1.0,20.44,0.975,1536019200,90.606,,,729297984,0.15812,4.065,0.643,2964338432,CAD,,112566592,1.64,12.463415,3773625,11468.0,,,0.4725,2212498000,,,Airlines,,,1514678400,1083715200,3/2,,1,86400,,,1530316800,204702000,1577750400,16,901608000,0.06929,7.0,2.64,2,1.035094,,0.04438,0.04438,0.844,hold,3.2,0.031159999,0.09351,0.027,40.196,,Industrials,7.0,113948000,0.0227,2588422,1533081600,3540242,,5.87,24.0,15.5,18.28,17.75,,,1273608960,11.177,2038758016,4612428800,1.765,,
X.TO,0.30218542,0.15987647,,,2.0,2.035989,,3.0,59.535,,2.0,85.7,0.99,1536019200,35.864,0.437,0.438,528500000,0.60817003,10.824,6.583,5720242176,CAD,,55088491,4.42,19.38914,232800000,1213.0,,,0.94683,696100000,,,Financial Exchanges,,,1514678400,1115942400,2/1,,1,86400,,,1530316800,245800000,1577750400,6,301100000,0.53728,4.0,2.07,2,1.4394894,,0.47514,0.47514,0.013,buy,2.5,0.0097,0.07788,0.375,15.676,,Financial Services,7.0,55766400,0.0018000001,101603,1533081600,142401,,2.06,77.83,69.35,73.59,73.59,,,232100000,4.167,1188700032,869000000,7.394,,
YRI.TO,-0.023809493,0.15987647,,,2.0,2.856997,,7.0,4.353,,5.0,3.18,1.045,1536019200,41.74,,,613800000,0.33117,7.636,2.529,4687024640,USD,,946096979,0.15,21.199999,120187504,5372.0,,,0.44065,761400000,,,Gold,,,1514678400,1061251200,100/2786,,1,86400,,,1530316800,-296400000,1577750400,16,533400000,-0.16455999,5.0,-2.13,2,0.7305307,,-0.15991999,-0.15991999,0.248,buy,2.3,-0.0223,-0.07072,0.008,1.954,,Basic Materials,1.0,949038976,0.007900001,7506990,1533081600,7558542,,2.7,5.04,3.1,3.98,3.95,,,123200000,0.13,1738599936,1853400064,-0.32,,
M.V,-0.32551324,0.15987647,,,,1.450848,,,-0.921,,,4.56,2.013,1536019200,81.419,,,25105000,0.07311,11.766,0.86,295384544,CAD,,5970706,-0.1,-45.6,3964750,1100.0,,,0.08692,32087000,,,Asset Management,,,1514678400,,,,1,86400,,,1530316800,-199000,1577750400,3,14780000,0.01131,,,2,,,0.01689,0.01689,1.706,hold,2.7,0.00758,0.026730001,0.306,32.45,,Financial Services,,10303600,0.0,100,1533081600,1211,,0.02,5.01,4.24,4.56,4.43,,,16349000,1.587,114140000,343395008,-0.019,,
